{"stats": [0.049964365587815064, 0.12548178338889457, 0.006560508527143546, 0.0, 0.04986747757618177, 0.07503703703703704, 0.16, 0.03111111111111111, 0.0, 0.06405775075987842, 3.4326227773986395, 2.9041903310703163, 49.254016832440705, 41.69854628921193], "text_labels": ["AP", "AP0.5", "AP0.75", "APM", "APL", "AR", "AR0.5", "AR0.75", "ARM", "ARL", "Mean Pixel Error", "Mean Pixel Error Scaled", "Detection Rate [%]", "Detection Rate Scaled[%]"], "args": ["/home/koffler/Desktop/openpifpaf/openpifpaf/src/openpifpaf/eval.py", "--dataset=carfusionkp", "--checkpoint", "hrformer1.pkl"], "version": "0+unknown", "dataset": "carfusionkp", "total_time": 549.883213884008, "checkpoint": "hrformer1.pkl", "count_ops": [13249669740.0, 4586504.0], "file_size": 29263092, "n_images": 764, "decoder_time": 2.4635181880148593, "nn_time": 546.267606815105}