{"stats": [0.12765408718567692, 0.2713016305658077, 0.0627595066519484, 0.0, 0.1300293319859178, 0.19014814814814812, 0.3814814814814815, 0.12962962962962962, 0.0, 0.18746200607902735, 2.939359136277187, 2.6030442762582853, 60.61748079431801, 55.09494129583997], "text_labels": ["AP", "AP0.5", "AP0.75", "APM", "APL", "AR", "AR0.5", "AR0.75", "ARM", "ARL", "Mean Pixel Error", "Mean Pixel Error Scaled", "Detection Rate [%]", "Detection Rate Scaled[%]"], "args": ["/home/koffler/Desktop/openpifpaf/openpifpaf/src/openpifpaf/eval.py", "--dataset=carfusionkp", "--checkpoint", "shuffle_net_v2.pkl"], "version": "0+unknown", "dataset": "carfusionkp", "total_time": 417.2127728240157, "checkpoint": "shuffle_net_v2.pkl", "count_ops": [38683856976.0, 9997804.0], "file_size": 40306713, "n_images": 764, "decoder_time": 5.197433118795743, "nn_time": 410.9552876288071}