{"stats": [0.11342194349828635, 0.26534014056116756, 0.018083524216415715, 0.0, 0.1153026924983749, 0.1591851851851852, 0.34296296296296297, 0.07037037037037037, 0.0, 0.15341945288753797, 3.126907059477562, 2.803727212192616, 62.110064743967044, 56.4743967039435], "text_labels": ["AP", "AP0.5", "AP0.75", "APM", "APL", "AR", "AR0.5", "AR0.75", "ARM", "ARL", "Mean Pixel Error", "Mean Pixel Error Scaled", "Detection Rate [%]", "Detection Rate Scaled[%]"], "args": ["/home/koffler/Desktop/openpifpaf/openpifpaf/src/openpifpaf/eval.py", "--dataset=carfusionkp", "--checkpoint", "sufflenet-carfusion1.pkl", "--save-all", "images"], "version": "0+unknown", "dataset": "carfusionkp", "total_time": 419.52333027099667, "checkpoint": "sufflenet-carfusion1.pkl", "count_ops": [38683856976.0, 9997804.0], "file_size": 40306457, "n_images": 764, "decoder_time": 6.0269149318774, "nn_time": 412.34019425004954}